repeated_times,Accuracy,Precision,Recall,F1,AUC,CV_list(AUC)
1,0.8793103448275862,0.4473684210526316,0.49038461538461536,0.46788990825688076,0.49038461538461536,[0.49038461538461536]
