repeated_times,Accuracy,Precision,Recall,F1,AUC,CV_list(AUC)
1,0.9423076923076923,0.8875855327468232,0.8351648351648351,0.8586956521739131,0.8351648351648351,[0.8351648351648351]
