repeated_times,Accuracy,Precision,Recall,F1,AUC,CV_list(AUC)
1,0.894039735,0.748282443,0.771720969,0.759170654,0.771720969,[0.7717209690893901]