repeated_times,Accuracy,Precision,Recall,F1,AUC,CV_list(AUC)
1,0.9295302013422819,0.874859943977591,0.9005237560793116,0.8868661303443912,0.9005237560793117,[0.9005237560793117]
